{
    "records": [
        {
            "Name": "Name1",
            "City": "City1",
            "Country": "Country1"
        },
        {
            "Name": "Name2",
            "City": "City2",
            "Country": "Country2"
        },
        {
            "Name": "Name3",
            "City": "City3",
            "Country": "Country3"
        },
        {
            "Name": "Name4",
            "City": "City4",
            "Country": "Country4"
        }
    ]
}
