<?xml version="1.0" encoding="UTF-8"?>
<beans xmlns="http://www.springframework.org/schema/beans" xmlns:xsi="http://www.w3.org/2001/XMLSchema-instance"
       xsi:schemaLocation="http://www.springframework.org/schema/beans http://www.springframework.org/schema/beans/spring-beans-2.5.xsd">

    <bean class="org.springframework.beans.factory.config.MethodInvokingFactoryBean">
        <property name="targetClass" value="org.springframework.util.Log4jConfigurer"/>
        <property name="targetMethod" value="initLogging"/>
        <property name="arguments">
            <list>
                <value>classpath:app-log4j.xml</value>
            </list>
        </property>
    </bean>

</beans>