<?xml version="1.0" encoding="UTF-8"?>
<beans xmlns="http://www.springframework.org/schema/beans" xmlns:xsi="http://www.w3.org/2001/XMLSchema-instance"
       xmlns:camel="http://camel.apache.org/schema/spring"
       xsi:schemaLocation="http://www.springframework.org/schema/beans http://www.springframework.org/schema/beans/spring-beans-2.5.xsd
       http://camel.apache.org/schema/spring http://camel.apache.org/schema/spring/camel-spring.xsd">

    <camel:camelContext id="camel">
        <camel:routeBuilder ref="fileMover"/>
        <camel:routeBuilder ref="contentBasedFileMover"/>
        <camel:routeBuilder ref="fileToQueueMover"/>
        <camel:routeBuilder ref="multipleDestinationDeliverer"/>
        <camel:routeBuilder ref="wireTapMover"/>
        <camel:routeBuilder ref="xstreamTransformingMover"/>
        <camel:routeBuilder ref="jaxbTransformingMover"/>
    </camel:camelContext>


    <bean id="xstream" class="com.thoughtworks.xstream.XStream"/>

</beans>